year,month,date,household_deposits,sheet_name,row_index,col_index,matched_row,source_url,source_file,status
2015,1,2015-01-01,506890.408176938,Sheet1,10,1,"['1.住户存款 Deposits of Households', 506890.408176938, 532341.258050371, 538398.987427076, 527888.903354699, 523475.580757314, 532828.54291045, 532232.133727117, 534097.567583936, 541748.735285342, 535827.830454861, 536766.179934373, 546077.851974837]",https://www.pbc.gov.cn/diaochatongjisi/attachDir/2025/11/2025111810564114123.xls,pboc_xls_cache/2015_2025111810564114123.xls,OK
2015,2,2015-02-01,532341.258050371,Sheet1,10,2,"['1.住户存款 Deposits of Households', 506890.408176938, 532341.258050371, 538398.987427076, 527888.903354699, 523475.580757314, 532828.54291045, 532232.133727117, 534097.567583936, 541748.735285342, 535827.830454861, 536766.179934373, 546077.851974837]",https://www.pbc.gov.cn/diaochatongjisi/attachDir/2025/11/2025111810564114123.xls,pboc_xls_cache/2015_2025111810564114123.xls,OK
2015,3,2015-03-01,538398.987427076,Sheet1,10,3,"['1.住户存款 Deposits of Households', 506890.408176938, 532341.258050371, 538398.987427076, 527888.903354699, 523475.580757314, 532828.54291045, 532232.133727117, 534097.567583936, 541748.735285342, 535827.830454861, 536766.179934373, 546077.851974837]",https://www.pbc.gov.cn/diaochatongjisi/attachDir/2025/11/2025111810564114123.xls,pboc_xls_cache/2015_2025111810564114123.xls,OK
2015,4,2015-04-01,527888.903354699,Sheet1,10,4,"['1.住户存款 Deposits of Households', 506890.408176938, 532341.258050371, 538398.987427076, 527888.903354699, 523475.580757314, 532828.54291045, 532232.133727117, 534097.567583936, 541748.735285342, 535827.830454861, 536766.179934373, 546077.851974837]",https://www.pbc.gov.cn/diaochatongjisi/attachDir/2025/11/2025111810564114123.xls,pboc_xls_cache/2015_2025111810564114123.xls,OK
2015,5,2015-05-01,523475.580757314,Sheet1,10,5,"['1.住户存款 Deposits of Households', 506890.408176938, 532341.258050371, 538398.987427076, 527888.903354699, 523475.580757314, 532828.54291045, 532232.133727117, 534097.567583936, 541748.735285342, 535827.830454861, 536766.179934373, 546077.851974837]",https://www.pbc.gov.cn/diaochatongjisi/attachDir/2025/11/2025111810564114123.xls,pboc_xls_cache/2015_2025111810564114123.xls,OK
2015,6,2015-06-01,532828.54291045,Sheet1,10,6,"['1.住户存款 Deposits of Households', 506890.408176938, 532341.258050371, 538398.987427076, 527888.903354699, 523475.580757314, 532828.54291045, 532232.133727117, 534097.567583936, 541748.735285342, 535827.830454861, 536766.179934373, 546077.851974837]",https://www.pbc.gov.cn/diaochatongjisi/attachDir/2025/11/2025111810564114123.xls,pboc_xls_cache/2015_2025111810564114123.xls,OK
2015,7,2015-07-01,532232.133727117,Sheet1,10,7,"['1.住户存款 Deposits of Households', 506890.408176938, 532341.258050371, 538398.987427076, 527888.903354699, 523475.580757314, 532828.54291045, 532232.133727117, 534097.567583936, 541748.735285342, 535827.830454861, 536766.179934373, 546077.851974837]",https://www.pbc.gov.cn/diaochatongjisi/attachDir/2025/11/2025111810564114123.xls,pboc_xls_cache/2015_2025111810564114123.xls,OK
2015,8,2015-08-01,534097.567583936,Sheet1,10,8,"['1.住户存款 Deposits of Households', 506890.408176938, 532341.258050371, 538398.987427076, 527888.903354699, 523475.580757314, 532828.54291045, 532232.133727117, 534097.567583936, 541748.735285342, 535827.830454861, 536766.179934373, 546077.851974837]",https://www.pbc.gov.cn/diaochatongjisi/attachDir/2025/11/2025111810564114123.xls,pboc_xls_cache/2015_2025111810564114123.xls,OK
2015,9,2015-09-01,541748.735285342,Sheet1,10,9,"['1.住户存款 Deposits of Households', 506890.408176938, 532341.258050371, 538398.987427076, 527888.903354699, 523475.580757314, 532828.54291045, 532232.133727117, 534097.567583936, 541748.735285342, 535827.830454861, 536766.179934373, 546077.851974837]",https://www.pbc.gov.cn/diaochatongjisi/attachDir/2025/11/2025111810564114123.xls,pboc_xls_cache/2015_2025111810564114123.xls,OK
2015,10,2015-10-01,535827.830454861,Sheet1,10,10,"['1.住户存款 Deposits of Households', 506890.408176938, 532341.258050371, 538398.987427076, 527888.903354699, 523475.580757314, 532828.54291045, 532232.133727117, 534097.567583936, 541748.735285342, 535827.830454861, 536766.179934373, 546077.851974837]",https://www.pbc.gov.cn/diaochatongjisi/attachDir/2025/11/2025111810564114123.xls,pboc_xls_cache/2015_2025111810564114123.xls,OK
2015,11,2015-11-01,536766.179934373,Sheet1,10,11,"['1.住户存款 Deposits of Households', 506890.408176938, 532341.258050371, 538398.987427076, 527888.903354699, 523475.580757314, 532828.54291045, 532232.133727117, 534097.567583936, 541748.735285342, 535827.830454861, 536766.179934373, 546077.851974837]",https://www.pbc.gov.cn/diaochatongjisi/attachDir/2025/11/2025111810564114123.xls,pboc_xls_cache/2015_2025111810564114123.xls,OK
2015,12,2015-12-01,546077.851974837,Sheet1,10,12,"['1.住户存款 Deposits of Households', 506890.408176938, 532341.258050371, 538398.987427076, 527888.903354699, 523475.580757314, 532828.54291045, 532232.133727117, 534097.567583936, 541748.735285342, 535827.830454861, 536766.179934373, 546077.851974837]",https://www.pbc.gov.cn/diaochatongjisi/attachDir/2025/11/2025111810564114123.xls,pboc_xls_cache/2015_2025111810564114123.xls,OK
2016,1,2016-01-01,555011.38,Sheet1,10,1,"['\xa0\xa0\xa0\xa0\xa0\xa0\xa0\xa0\xa0\xa0\xa0\xa0\xa0\xa0\xa0\xa0\xa0\xa01.住户存款\xa0Deposits of Households', np.float64(555011.38), np.float64(575047.07), np.float64(580800.33), np.float64(571504.14), np.float64(572047.15), np.float64(581520.82), np.float64(579278.95), np.float64(583411.07), np.float64(592909.36), 588229.01, np.float64(591499.69), np.float64(597751.05)]",https://www.pbc.gov.cn/diaochatongjisi/attachDir/2025/11/2025111811260014568.xls,pboc_xls_cache/2016_2025111811260014568.xls,OK
2016,2,2016-02-01,575047.07,Sheet1,10,2,"['\xa0\xa0\xa0\xa0\xa0\xa0\xa0\xa0\xa0\xa0\xa0\xa0\xa0\xa0\xa0\xa0\xa0\xa01.住户存款\xa0Deposits of Households', np.float64(555011.38), np.float64(575047.07), np.float64(580800.33), np.float64(571504.14), np.float64(572047.15), np.float64(581520.82), np.float64(579278.95), np.float64(583411.07), np.float64(592909.36), 588229.01, np.float64(591499.69), np.float64(597751.05)]",https://www.pbc.gov.cn/diaochatongjisi/attachDir/2025/11/2025111811260014568.xls,pboc_xls_cache/2016_2025111811260014568.xls,OK
2016,3,2016-03-01,580800.33,Sheet1,10,3,"['\xa0\xa0\xa0\xa0\xa0\xa0\xa0\xa0\xa0\xa0\xa0\xa0\xa0\xa0\xa0\xa0\xa0\xa01.住户存款\xa0Deposits of Households', np.float64(555011.38), np.float64(575047.07), np.float64(580800.33), np.float64(571504.14), np.float64(572047.15), np.float64(581520.82), np.float64(579278.95), np.float64(583411.07), np.float64(592909.36), 588229.01, np.float64(591499.69), np.float64(597751.05)]",https://www.pbc.gov.cn/diaochatongjisi/attachDir/2025/11/2025111811260014568.xls,pboc_xls_cache/2016_2025111811260014568.xls,OK
2016,4,2016-04-01,571504.14,Sheet1,10,4,"['\xa0\xa0\xa0\xa0\xa0\xa0\xa0\xa0\xa0\xa0\xa0\xa0\xa0\xa0\xa0\xa0\xa0\xa01.住户存款\xa0Deposits of Households', np.float64(555011.38), np.float64(575047.07), np.float64(580800.33), np.float64(571504.14), np.float64(572047.15), np.float64(581520.82), np.float64(579278.95), np.float64(583411.07), np.float64(592909.36), 588229.01, np.float64(591499.69), np.float64(597751.05)]",https://www.pbc.gov.cn/diaochatongjisi/attachDir/2025/11/2025111811260014568.xls,pboc_xls_cache/2016_2025111811260014568.xls,OK
2016,5,2016-05-01,572047.15,Sheet1,10,5,"['\xa0\xa0\xa0\xa0\xa0\xa0\xa0\xa0\xa0\xa0\xa0\xa0\xa0\xa0\xa0\xa0\xa0\xa01.住户存款\xa0Deposits of Households', np.float64(555011.38), np.float64(575047.07), np.float64(580800.33), np.float64(571504.14), np.float64(572047.15), np.float64(581520.82), np.float64(579278.95), np.float64(583411.07), np.float64(592909.36), 588229.01, np.float64(591499.69), np.float64(597751.05)]",https://www.pbc.gov.cn/diaochatongjisi/attachDir/2025/11/2025111811260014568.xls,pboc_xls_cache/2016_2025111811260014568.xls,OK
2016,6,2016-06-01,581520.82,Sheet1,10,6,"['\xa0\xa0\xa0\xa0\xa0\xa0\xa0\xa0\xa0\xa0\xa0\xa0\xa0\xa0\xa0\xa0\xa0\xa01.住户存款\xa0Deposits of Households', np.float64(555011.38), np.float64(575047.07), np.float64(580800.33), np.float64(571504.14), np.float64(572047.15), np.float64(581520.82), np.float64(579278.95), np.float64(583411.07), np.float64(592909.36), 588229.01, np.float64(591499.69), np.float64(597751.05)]",https://www.pbc.gov.cn/diaochatongjisi/attachDir/2025/11/2025111811260014568.xls,pboc_xls_cache/2016_2025111811260014568.xls,OK
2016,7,2016-07-01,579278.95,Sheet1,10,7,"['\xa0\xa0\xa0\xa0\xa0\xa0\xa0\xa0\xa0\xa0\xa0\xa0\xa0\xa0\xa0\xa0\xa0\xa01.住户存款\xa0Deposits of Households', np.float64(555011.38), np.float64(575047.07), np.float64(580800.33), np.float64(571504.14), np.float64(572047.15), np.float64(581520.82), np.float64(579278.95), np.float64(583411.07), np.float64(592909.36), 588229.01, np.float64(591499.69), np.float64(597751.05)]",https://www.pbc.gov.cn/diaochatongjisi/attachDir/2025/11/2025111811260014568.xls,pboc_xls_cache/2016_2025111811260014568.xls,OK
2016,8,2016-08-01,583411.07,Sheet1,10,8,"['\xa0\xa0\xa0\xa0\xa0\xa0\xa0\xa0\xa0\xa0\xa0\xa0\xa0\xa0\xa0\xa0\xa0\xa01.住户存款\xa0Deposits of Households', np.float64(555011.38), np.float64(575047.07), np.float64(580800.33), np.float64(571504.14), np.float64(572047.15), np.float64(581520.82), np.float64(579278.95), np.float64(583411.07), np.float64(592909.36), 588229.01, np.float64(591499.69), np.float64(597751.05)]",https://www.pbc.gov.cn/diaochatongjisi/attachDir/2025/11/2025111811260014568.xls,pboc_xls_cache/2016_2025111811260014568.xls,OK
2016,9,2016-09-01,592909.36,Sheet1,10,9,"['\xa0\xa0\xa0\xa0\xa0\xa0\xa0\xa0\xa0\xa0\xa0\xa0\xa0\xa0\xa0\xa0\xa0\xa01.住户存款\xa0Deposits of Households', np.float64(555011.38), np.float64(575047.07), np.float64(580800.33), np.float64(571504.14), np.float64(572047.15), np.float64(581520.82), np.float64(579278.95), np.float64(583411.07), np.float64(592909.36), 588229.01, np.float64(591499.69), np.float64(597751.05)]",https://www.pbc.gov.cn/diaochatongjisi/attachDir/2025/11/2025111811260014568.xls,pboc_xls_cache/2016_2025111811260014568.xls,OK
2016,10,2016-10-01,588229.01,Sheet1,10,10,"['\xa0\xa0\xa0\xa0\xa0\xa0\xa0\xa0\xa0\xa0\xa0\xa0\xa0\xa0\xa0\xa0\xa0\xa01.住户存款\xa0Deposits of Households', np.float64(555011.38), np.float64(575047.07), np.float64(580800.33), np.float64(571504.14), np.float64(572047.15), np.float64(581520.82), np.float64(579278.95), np.float64(583411.07), np.float64(592909.36), 588229.01, np.float64(591499.69), np.float64(597751.05)]",https://www.pbc.gov.cn/diaochatongjisi/attachDir/2025/11/2025111811260014568.xls,pboc_xls_cache/2016_2025111811260014568.xls,OK
2016,11,2016-11-01,591499.69,Sheet1,10,11,"['\xa0\xa0\xa0\xa0\xa0\xa0\xa0\xa0\xa0\xa0\xa0\xa0\xa0\xa0\xa0\xa0\xa0\xa01.住户存款\xa0Deposits of Households', np.float64(555011.38), np.float64(575047.07), np.float64(580800.33), np.float64(571504.14), np.float64(572047.15), np.float64(581520.82), np.float64(579278.95), np.float64(583411.07), np.float64(592909.36), 588229.01, np.float64(591499.69), np.float64(597751.05)]",https://www.pbc.gov.cn/diaochatongjisi/attachDir/2025/11/2025111811260014568.xls,pboc_xls_cache/2016_2025111811260014568.xls,OK
2016,12,2016-12-01,597751.05,Sheet1,10,12,"['\xa0\xa0\xa0\xa0\xa0\xa0\xa0\xa0\xa0\xa0\xa0\xa0\xa0\xa0\xa0\xa0\xa0\xa01.住户存款\xa0Deposits of Households', np.float64(555011.38), np.float64(575047.07), np.float64(580800.33), np.float64(571504.14), np.float64(572047.15), np.float64(581520.82), np.float64(579278.95), np.float64(583411.07), np.float64(592909.36), 588229.01, np.float64(591499.69), np.float64(597751.05)]",https://www.pbc.gov.cn/diaochatongjisi/attachDir/2025/11/2025111811260014568.xls,pboc_xls_cache/2016_2025111811260014568.xls,OK
2017,1,2017-01-01,629063.755009468,Sheet1,10,1,"['                  1.住户存款 Deposits of Households', np.float64(629063.755009468), np.float64(630076.915589548), np.float64(637409.276072605), np.float64(625236.013029852), np.float64(626484.846308326), np.float64(637137.889212579), np.float64(629622.86825894), np.float64(632212.708587564), np.float64(642590.64967599), 634538.636568693, np.float64(635993.888585013), np.float64(643767.618350417)]",https://www.pbc.gov.cn/diaochatongjisi/attachDir/2025/11/2025111814223377038.xls,pboc_xls_cache/2017_2025111814223377038.xls,OK
2017,2,2017-02-01,630076.915589548,Sheet1,10,2,"['                  1.住户存款 Deposits of Households', np.float64(629063.755009468), np.float64(630076.915589548), np.float64(637409.276072605), np.float64(625236.013029852), np.float64(626484.846308326), np.float64(637137.889212579), np.float64(629622.86825894), np.float64(632212.708587564), np.float64(642590.64967599), 634538.636568693, np.float64(635993.888585013), np.float64(643767.618350417)]",https://www.pbc.gov.cn/diaochatongjisi/attachDir/2025/11/2025111814223377038.xls,pboc_xls_cache/2017_2025111814223377038.xls,OK
2017,3,2017-03-01,637409.276072605,Sheet1,10,3,"['                  1.住户存款 Deposits of Households', np.float64(629063.755009468), np.float64(630076.915589548), np.float64(637409.276072605), np.float64(625236.013029852), np.float64(626484.846308326), np.float64(637137.889212579), np.float64(629622.86825894), np.float64(632212.708587564), np.float64(642590.64967599), 634538.636568693, np.float64(635993.888585013), np.float64(643767.618350417)]",https://www.pbc.gov.cn/diaochatongjisi/attachDir/2025/11/2025111814223377038.xls,pboc_xls_cache/2017_2025111814223377038.xls,OK
2017,4,2017-04-01,625236.013029852,Sheet1,10,4,"['                  1.住户存款 Deposits of Households', np.float64(629063.755009468), np.float64(630076.915589548), np.float64(637409.276072605), np.float64(625236.013029852), np.float64(626484.846308326), np.float64(637137.889212579), np.float64(629622.86825894), np.float64(632212.708587564), np.float64(642590.64967599), 634538.636568693, np.float64(635993.888585013), np.float64(643767.618350417)]",https://www.pbc.gov.cn/diaochatongjisi/attachDir/2025/11/2025111814223377038.xls,pboc_xls_cache/2017_2025111814223377038.xls,OK
2017,5,2017-05-01,626484.846308326,Sheet1,10,5,"['                  1.住户存款 Deposits of Households', np.float64(629063.755009468), np.float64(630076.915589548), np.float64(637409.276072605), np.float64(625236.013029852), np.float64(626484.846308326), np.float64(637137.889212579), np.float64(629622.86825894), np.float64(632212.708587564), np.float64(642590.64967599), 634538.636568693, np.float64(635993.888585013), np.float64(643767.618350417)]",https://www.pbc.gov.cn/diaochatongjisi/attachDir/2025/11/2025111814223377038.xls,pboc_xls_cache/2017_2025111814223377038.xls,OK
2017,6,2017-06-01,637137.889212579,Sheet1,10,6,"['                  1.住户存款 Deposits of Households', np.float64(629063.755009468), np.float64(630076.915589548), np.float64(637409.276072605), np.float64(625236.013029852), np.float64(626484.846308326), np.float64(637137.889212579), np.float64(629622.86825894), np.float64(632212.708587564), np.float64(642590.64967599), 634538.636568693, np.float64(635993.888585013), np.float64(643767.618350417)]",https://www.pbc.gov.cn/diaochatongjisi/attachDir/2025/11/2025111814223377038.xls,pboc_xls_cache/2017_2025111814223377038.xls,OK
2017,7,2017-07-01,629622.86825894,Sheet1,10,7,"['                  1.住户存款 Deposits of Households', np.float64(629063.755009468), np.float64(630076.915589548), np.float64(637409.276072605), np.float64(625236.013029852), np.float64(626484.846308326), np.float64(637137.889212579), np.float64(629622.86825894), np.float64(632212.708587564), np.float64(642590.64967599), 634538.636568693, np.float64(635993.888585013), np.float64(643767.618350417)]",https://www.pbc.gov.cn/diaochatongjisi/attachDir/2025/11/2025111814223377038.xls,pboc_xls_cache/2017_2025111814223377038.xls,OK
2017,8,2017-08-01,632212.708587564,Sheet1,10,8,"['                  1.住户存款 Deposits of Households', np.float64(629063.755009468), np.float64(630076.915589548), np.float64(637409.276072605), np.float64(625236.013029852), np.float64(626484.846308326), np.float64(637137.889212579), np.float64(629622.86825894), np.float64(632212.708587564), np.float64(642590.64967599), 634538.636568693, np.float64(635993.888585013), np.float64(643767.618350417)]",https://www.pbc.gov.cn/diaochatongjisi/attachDir/2025/11/2025111814223377038.xls,pboc_xls_cache/2017_2025111814223377038.xls,OK
2017,9,2017-09-01,642590.64967599,Sheet1,10,9,"['                  1.住户存款 Deposits of Households', np.float64(629063.755009468), np.float64(630076.915589548), np.float64(637409.276072605), np.float64(625236.013029852), np.float64(626484.846308326), np.float64(637137.889212579), np.float64(629622.86825894), np.float64(632212.708587564), np.float64(642590.64967599), 634538.636568693, np.float64(635993.888585013), np.float64(643767.618350417)]",https://www.pbc.gov.cn/diaochatongjisi/attachDir/2025/11/2025111814223377038.xls,pboc_xls_cache/2017_2025111814223377038.xls,OK
2017,10,2017-10-01,634538.636568693,Sheet1,10,10,"['                  1.住户存款 Deposits of Households', np.float64(629063.755009468), np.float64(630076.915589548), np.float64(637409.276072605), np.float64(625236.013029852), np.float64(626484.846308326), np.float64(637137.889212579), np.float64(629622.86825894), np.float64(632212.708587564), np.float64(642590.64967599), 634538.636568693, np.float64(635993.888585013), np.float64(643767.618350417)]",https://www.pbc.gov.cn/diaochatongjisi/attachDir/2025/11/2025111814223377038.xls,pboc_xls_cache/2017_2025111814223377038.xls,OK
2017,11,2017-11-01,635993.888585013,Sheet1,10,11,"['                  1.住户存款 Deposits of Households', np.float64(629063.755009468), np.float64(630076.915589548), np.float64(637409.276072605), np.float64(625236.013029852), np.float64(626484.846308326), np.float64(637137.889212579), np.float64(629622.86825894), np.float64(632212.708587564), np.float64(642590.64967599), 634538.636568693, np.float64(635993.888585013), np.float64(643767.618350417)]",https://www.pbc.gov.cn/diaochatongjisi/attachDir/2025/11/2025111814223377038.xls,pboc_xls_cache/2017_2025111814223377038.xls,OK
2017,12,2017-12-01,643767.618350417,Sheet1,10,12,"['                  1.住户存款 Deposits of Households', np.float64(629063.755009468), np.float64(630076.915589548), np.float64(637409.276072605), np.float64(625236.013029852), np.float64(626484.846308326), np.float64(637137.889212579), np.float64(629622.86825894), np.float64(632212.708587564), np.float64(642590.64967599), 634538.636568693, np.float64(635993.888585013), np.float64(643767.618350417)]",https://www.pbc.gov.cn/diaochatongjisi/attachDir/2025/11/2025111814223377038.xls,pboc_xls_cache/2017_2025111814223377038.xls,OK
2018,1,2018-01-01,652744.11,Sheet1,10,1,"['                  1.住户存款 Deposits of Households', np.float64(652744.11), np.float64(681474.36), np.float64(686803.59), np.float64(673584.77), np.float64(675750.53), np.float64(686695.49), np.float64(683763.26), np.float64(687226.42), np.float64(700517.92), 697170.65, np.float64(704576.2), np.float64(716038.16)]",https://www.pbc.gov.cn/diaochatongjisi/attachDir/2025/11/2025111815281576875.xls,pboc_xls_cache/2018_2025111815281576875.xls,OK
2018,2,2018-02-01,681474.36,Sheet1,10,2,"['                  1.住户存款 Deposits of Households', np.float64(652744.11), np.float64(681474.36), np.float64(686803.59), np.float64(673584.77), np.float64(675750.53), np.float64(686695.49), np.float64(683763.26), np.float64(687226.42), np.float64(700517.92), 697170.65, np.float64(704576.2), np.float64(716038.16)]",https://www.pbc.gov.cn/diaochatongjisi/attachDir/2025/11/2025111815281576875.xls,pboc_xls_cache/2018_2025111815281576875.xls,OK
2018,3,2018-03-01,686803.59,Sheet1,10,3,"['                  1.住户存款 Deposits of Households', np.float64(652744.11), np.float64(681474.36), np.float64(686803.59), np.float64(673584.77), np.float64(675750.53), np.float64(686695.49), np.float64(683763.26), np.float64(687226.42), np.float64(700517.92), 697170.65, np.float64(704576.2), np.float64(716038.16)]",https://www.pbc.gov.cn/diaochatongjisi/attachDir/2025/11/2025111815281576875.xls,pboc_xls_cache/2018_2025111815281576875.xls,OK
2018,4,2018-04-01,673584.77,Sheet1,10,4,"['                  1.住户存款 Deposits of Households', np.float64(652744.11), np.float64(681474.36), np.float64(686803.59), np.float64(673584.77), np.float64(675750.53), np.float64(686695.49), np.float64(683763.26), np.float64(687226.42), np.float64(700517.92), 697170.65, np.float64(704576.2), np.float64(716038.16)]",https://www.pbc.gov.cn/diaochatongjisi/attachDir/2025/11/2025111815281576875.xls,pboc_xls_cache/2018_2025111815281576875.xls,OK
2018,5,2018-05-01,675750.53,Sheet1,10,5,"['                  1.住户存款 Deposits of Households', np.float64(652744.11), np.float64(681474.36), np.float64(686803.59), np.float64(673584.77), np.float64(675750.53), np.float64(686695.49), np.float64(683763.26), np.float64(687226.42), np.float64(700517.92), 697170.65, np.float64(704576.2), np.float64(716038.16)]",https://www.pbc.gov.cn/diaochatongjisi/attachDir/2025/11/2025111815281576875.xls,pboc_xls_cache/2018_2025111815281576875.xls,OK
2018,6,2018-06-01,686695.49,Sheet1,10,6,"['                  1.住户存款 Deposits of Households', np.float64(652744.11), np.float64(681474.36), np.float64(686803.59), np.float64(673584.77), np.float64(675750.53), np.float64(686695.49), np.float64(683763.26), np.float64(687226.42), np.float64(700517.92), 697170.65, np.float64(704576.2), np.float64(716038.16)]",https://www.pbc.gov.cn/diaochatongjisi/attachDir/2025/11/2025111815281576875.xls,pboc_xls_cache/2018_2025111815281576875.xls,OK
2018,7,2018-07-01,683763.26,Sheet1,10,7,"['                  1.住户存款 Deposits of Households', np.float64(652744.11), np.float64(681474.36), np.float64(686803.59), np.float64(673584.77), np.float64(675750.53), np.float64(686695.49), np.float64(683763.26), np.float64(687226.42), np.float64(700517.92), 697170.65, np.float64(704576.2), np.float64(716038.16)]",https://www.pbc.gov.cn/diaochatongjisi/attachDir/2025/11/2025111815281576875.xls,pboc_xls_cache/2018_2025111815281576875.xls,OK
2018,8,2018-08-01,687226.42,Sheet1,10,8,"['                  1.住户存款 Deposits of Households', np.float64(652744.11), np.float64(681474.36), np.float64(686803.59), np.float64(673584.77), np.float64(675750.53), np.float64(686695.49), np.float64(683763.26), np.float64(687226.42), np.float64(700517.92), 697170.65, np.float64(704576.2), np.float64(716038.16)]",https://www.pbc.gov.cn/diaochatongjisi/attachDir/2025/11/2025111815281576875.xls,pboc_xls_cache/2018_2025111815281576875.xls,OK
2018,9,2018-09-01,700517.92,Sheet1,10,9,"['                  1.住户存款 Deposits of Households', np.float64(652744.11), np.float64(681474.36), np.float64(686803.59), np.float64(673584.77), np.float64(675750.53), np.float64(686695.49), np.float64(683763.26), np.float64(687226.42), np.float64(700517.92), 697170.65, np.float64(704576.2), np.float64(716038.16)]",https://www.pbc.gov.cn/diaochatongjisi/attachDir/2025/11/2025111815281576875.xls,pboc_xls_cache/2018_2025111815281576875.xls,OK
2018,10,2018-10-01,697170.65,Sheet1,10,10,"['                  1.住户存款 Deposits of Households', np.float64(652744.11), np.float64(681474.36), np.float64(686803.59), np.float64(673584.77), np.float64(675750.53), np.float64(686695.49), np.float64(683763.26), np.float64(687226.42), np.float64(700517.92), 697170.65, np.float64(704576.2), np.float64(716038.16)]",https://www.pbc.gov.cn/diaochatongjisi/attachDir/2025/11/2025111815281576875.xls,pboc_xls_cache/2018_2025111815281576875.xls,OK
2018,11,2018-11-01,704576.2,Sheet1,10,11,"['                  1.住户存款 Deposits of Households', np.float64(652744.11), np.float64(681474.36), np.float64(686803.59), np.float64(673584.77), np.float64(675750.53), np.float64(686695.49), np.float64(683763.26), np.float64(687226.42), np.float64(700517.92), 697170.65, np.float64(704576.2), np.float64(716038.16)]",https://www.pbc.gov.cn/diaochatongjisi/attachDir/2025/11/2025111815281576875.xls,pboc_xls_cache/2018_2025111815281576875.xls,OK
2018,12,2018-12-01,716038.16,Sheet1,10,12,"['                  1.住户存款 Deposits of Households', np.float64(652744.11), np.float64(681474.36), np.float64(686803.59), np.float64(673584.77), np.float64(675750.53), np.float64(686695.49), np.float64(683763.26), np.float64(687226.42), np.float64(700517.92), 697170.65, np.float64(704576.2), np.float64(716038.16)]",https://www.pbc.gov.cn/diaochatongjisi/attachDir/2025/11/2025111815281576875.xls,pboc_xls_cache/2018_2025111815281576875.xls,OK
2019,1,2019-01-01,754594.45,Sheet1,10,1,"['                  1.住户存款 Deposits of Households', 754594.45, 767901.62, 776654.08, 770405.9, 772822.73, 784171.69, 783140.13, 785854.12, 801298.08, 795286.1, 797751.76, 813017.12]",https://www.pbc.gov.cn/diaochatongjisi/attachDir/2025/11/2025111815533429222.xls,pboc_xls_cache/2019_2025111815533429222.xls,OK
2019,2,2019-02-01,767901.62,Sheet1,10,2,"['                  1.住户存款 Deposits of Households', 754594.45, 767901.62, 776654.08, 770405.9, 772822.73, 784171.69, 783140.13, 785854.12, 801298.08, 795286.1, 797751.76, 813017.12]",https://www.pbc.gov.cn/diaochatongjisi/attachDir/2025/11/2025111815533429222.xls,pboc_xls_cache/2019_2025111815533429222.xls,OK
2019,3,2019-03-01,776654.08,Sheet1,10,3,"['                  1.住户存款 Deposits of Households', 754594.45, 767901.62, 776654.08, 770405.9, 772822.73, 784171.69, 783140.13, 785854.12, 801298.08, 795286.1, 797751.76, 813017.12]",https://www.pbc.gov.cn/diaochatongjisi/attachDir/2025/11/2025111815533429222.xls,pboc_xls_cache/2019_2025111815533429222.xls,OK
2019,4,2019-04-01,770405.9,Sheet1,10,4,"['                  1.住户存款 Deposits of Households', 754594.45, 767901.62, 776654.08, 770405.9, 772822.73, 784171.69, 783140.13, 785854.12, 801298.08, 795286.1, 797751.76, 813017.12]",https://www.pbc.gov.cn/diaochatongjisi/attachDir/2025/11/2025111815533429222.xls,pboc_xls_cache/2019_2025111815533429222.xls,OK
2019,5,2019-05-01,772822.73,Sheet1,10,5,"['                  1.住户存款 Deposits of Households', 754594.45, 767901.62, 776654.08, 770405.9, 772822.73, 784171.69, 783140.13, 785854.12, 801298.08, 795286.1, 797751.76, 813017.12]",https://www.pbc.gov.cn/diaochatongjisi/attachDir/2025/11/2025111815533429222.xls,pboc_xls_cache/2019_2025111815533429222.xls,OK
2019,6,2019-06-01,784171.69,Sheet1,10,6,"['                  1.住户存款 Deposits of Households', 754594.45, 767901.62, 776654.08, 770405.9, 772822.73, 784171.69, 783140.13, 785854.12, 801298.08, 795286.1, 797751.76, 813017.12]",https://www.pbc.gov.cn/diaochatongjisi/attachDir/2025/11/2025111815533429222.xls,pboc_xls_cache/2019_2025111815533429222.xls,OK
2019,7,2019-07-01,783140.13,Sheet1,10,7,"['                  1.住户存款 Deposits of Households', 754594.45, 767901.62, 776654.08, 770405.9, 772822.73, 784171.69, 783140.13, 785854.12, 801298.08, 795286.1, 797751.76, 813017.12]",https://www.pbc.gov.cn/diaochatongjisi/attachDir/2025/11/2025111815533429222.xls,pboc_xls_cache/2019_2025111815533429222.xls,OK
2019,8,2019-08-01,785854.12,Sheet1,10,8,"['                  1.住户存款 Deposits of Households', 754594.45, 767901.62, 776654.08, 770405.9, 772822.73, 784171.69, 783140.13, 785854.12, 801298.08, 795286.1, 797751.76, 813017.12]",https://www.pbc.gov.cn/diaochatongjisi/attachDir/2025/11/2025111815533429222.xls,pboc_xls_cache/2019_2025111815533429222.xls,OK
2019,9,2019-09-01,801298.08,Sheet1,10,9,"['                  1.住户存款 Deposits of Households', 754594.45, 767901.62, 776654.08, 770405.9, 772822.73, 784171.69, 783140.13, 785854.12, 801298.08, 795286.1, 797751.76, 813017.12]",https://www.pbc.gov.cn/diaochatongjisi/attachDir/2025/11/2025111815533429222.xls,pboc_xls_cache/2019_2025111815533429222.xls,OK
2019,10,2019-10-01,795286.1,Sheet1,10,10,"['                  1.住户存款 Deposits of Households', 754594.45, 767901.62, 776654.08, 770405.9, 772822.73, 784171.69, 783140.13, 785854.12, 801298.08, 795286.1, 797751.76, 813017.12]",https://www.pbc.gov.cn/diaochatongjisi/attachDir/2025/11/2025111815533429222.xls,pboc_xls_cache/2019_2025111815533429222.xls,OK
2019,11,2019-11-01,797751.76,Sheet1,10,11,"['                  1.住户存款 Deposits of Households', 754594.45, 767901.62, 776654.08, 770405.9, 772822.73, 784171.69, 783140.13, 785854.12, 801298.08, 795286.1, 797751.76, 813017.12]",https://www.pbc.gov.cn/diaochatongjisi/attachDir/2025/11/2025111815533429222.xls,pboc_xls_cache/2019_2025111815533429222.xls,OK
2019,12,2019-12-01,813017.12,Sheet1,10,12,"['                  1.住户存款 Deposits of Households', 754594.45, 767901.62, 776654.08, 770405.9, 772822.73, 784171.69, 783140.13, 785854.12, 801298.08, 795286.1, 797751.76, 813017.12]",https://www.pbc.gov.cn/diaochatongjisi/attachDir/2025/11/2025111815533429222.xls,pboc_xls_cache/2019_2025111815533429222.xls,OK
2020,1,2020-01-01,855387.5,Sheet1,10,1,"['                  1.住户存款 Deposits of Households', np.float64(855387.5), np.float64(854187.61), np.float64(877723.3), np.float64(869727.29), np.float64(874546.2), np.float64(896317.6), np.float64(889123.07), np.float64(893096.14), np.float64(912536.8), 902967.43, np.float64(909301.63), np.float64(925985.82)]",https://www.pbc.gov.cn/diaochatongjisi/attachDir/2025/11/2025111816065225038.xls,pboc_xls_cache/2020_2025111816065225038.xls,OK
2020,2,2020-02-01,854187.61,Sheet1,10,2,"['                  1.住户存款 Deposits of Households', np.float64(855387.5), np.float64(854187.61), np.float64(877723.3), np.float64(869727.29), np.float64(874546.2), np.float64(896317.6), np.float64(889123.07), np.float64(893096.14), np.float64(912536.8), 902967.43, np.float64(909301.63), np.float64(925985.82)]",https://www.pbc.gov.cn/diaochatongjisi/attachDir/2025/11/2025111816065225038.xls,pboc_xls_cache/2020_2025111816065225038.xls,OK
2020,3,2020-03-01,877723.3,Sheet1,10,3,"['                  1.住户存款 Deposits of Households', np.float64(855387.5), np.float64(854187.61), np.float64(877723.3), np.float64(869727.29), np.float64(874546.2), np.float64(896317.6), np.float64(889123.07), np.float64(893096.14), np.float64(912536.8), 902967.43, np.float64(909301.63), np.float64(925985.82)]",https://www.pbc.gov.cn/diaochatongjisi/attachDir/2025/11/2025111816065225038.xls,pboc_xls_cache/2020_2025111816065225038.xls,OK
2020,4,2020-04-01,869727.29,Sheet1,10,4,"['                  1.住户存款 Deposits of Households', np.float64(855387.5), np.float64(854187.61), np.float64(877723.3), np.float64(869727.29), np.float64(874546.2), np.float64(896317.6), np.float64(889123.07), np.float64(893096.14), np.float64(912536.8), 902967.43, np.float64(909301.63), np.float64(925985.82)]",https://www.pbc.gov.cn/diaochatongjisi/attachDir/2025/11/2025111816065225038.xls,pboc_xls_cache/2020_2025111816065225038.xls,OK
2020,5,2020-05-01,874546.2,Sheet1,10,5,"['                  1.住户存款 Deposits of Households', np.float64(855387.5), np.float64(854187.61), np.float64(877723.3), np.float64(869727.29), np.float64(874546.2), np.float64(896317.6), np.float64(889123.07), np.float64(893096.14), np.float64(912536.8), 902967.43, np.float64(909301.63), np.float64(925985.82)]",https://www.pbc.gov.cn/diaochatongjisi/attachDir/2025/11/2025111816065225038.xls,pboc_xls_cache/2020_2025111816065225038.xls,OK
2020,6,2020-06-01,896317.6,Sheet1,10,6,"['                  1.住户存款 Deposits of Households', np.float64(855387.5), np.float64(854187.61), np.float64(877723.3), np.float64(869727.29), np.float64(874546.2), np.float64(896317.6), np.float64(889123.07), np.float64(893096.14), np.float64(912536.8), 902967.43, np.float64(909301.63), np.float64(925985.82)]",https://www.pbc.gov.cn/diaochatongjisi/attachDir/2025/11/2025111816065225038.xls,pboc_xls_cache/2020_2025111816065225038.xls,OK
2020,7,2020-07-01,889123.07,Sheet1,10,7,"['                  1.住户存款 Deposits of Households', np.float64(855387.5), np.float64(854187.61), np.float64(877723.3), np.float64(869727.29), np.float64(874546.2), np.float64(896317.6), np.float64(889123.07), np.float64(893096.14), np.float64(912536.8), 902967.43, np.float64(909301.63), np.float64(925985.82)]",https://www.pbc.gov.cn/diaochatongjisi/attachDir/2025/11/2025111816065225038.xls,pboc_xls_cache/2020_2025111816065225038.xls,OK
2020,8,2020-08-01,893096.14,Sheet1,10,8,"['                  1.住户存款 Deposits of Households', np.float64(855387.5), np.float64(854187.61), np.float64(877723.3), np.float64(869727.29), np.float64(874546.2), np.float64(896317.6), np.float64(889123.07), np.float64(893096.14), np.float64(912536.8), 902967.43, np.float64(909301.63), np.float64(925985.82)]",https://www.pbc.gov.cn/diaochatongjisi/attachDir/2025/11/2025111816065225038.xls,pboc_xls_cache/2020_2025111816065225038.xls,OK
2020,9,2020-09-01,912536.8,Sheet1,10,9,"['                  1.住户存款 Deposits of Households', np.float64(855387.5), np.float64(854187.61), np.float64(877723.3), np.float64(869727.29), np.float64(874546.2), np.float64(896317.6), np.float64(889123.07), np.float64(893096.14), np.float64(912536.8), 902967.43, np.float64(909301.63), np.float64(925985.82)]",https://www.pbc.gov.cn/diaochatongjisi/attachDir/2025/11/2025111816065225038.xls,pboc_xls_cache/2020_2025111816065225038.xls,OK
2020,10,2020-10-01,902967.43,Sheet1,10,10,"['                  1.住户存款 Deposits of Households', np.float64(855387.5), np.float64(854187.61), np.float64(877723.3), np.float64(869727.29), np.float64(874546.2), np.float64(896317.6), np.float64(889123.07), np.float64(893096.14), np.float64(912536.8), 902967.43, np.float64(909301.63), np.float64(925985.82)]",https://www.pbc.gov.cn/diaochatongjisi/attachDir/2025/11/2025111816065225038.xls,pboc_xls_cache/2020_2025111816065225038.xls,OK
2020,11,2020-11-01,909301.63,Sheet1,10,11,"['                  1.住户存款 Deposits of Households', np.float64(855387.5), np.float64(854187.61), np.float64(877723.3), np.float64(869727.29), np.float64(874546.2), np.float64(896317.6), np.float64(889123.07), np.float64(893096.14), np.float64(912536.8), 902967.43, np.float64(909301.63), np.float64(925985.82)]",https://www.pbc.gov.cn/diaochatongjisi/attachDir/2025/11/2025111816065225038.xls,pboc_xls_cache/2020_2025111816065225038.xls,OK
2020,12,2020-12-01,925985.82,Sheet1,10,12,"['                  1.住户存款 Deposits of Households', np.float64(855387.5), np.float64(854187.61), np.float64(877723.3), np.float64(869727.29), np.float64(874546.2), np.float64(896317.6), np.float64(889123.07), np.float64(893096.14), np.float64(912536.8), 902967.43, np.float64(909301.63), np.float64(925985.82)]",https://www.pbc.gov.cn/diaochatongjisi/attachDir/2025/11/2025111816065225038.xls,pboc_xls_cache/2020_2025111816065225038.xls,OK
2021,1,2021-01-01,940837.7,Sheet1,10,1,"['                  1.住户存款 Deposits of Households', np.float64(940837.7), np.float64(973409.3), np.float64(992777.84), np.float64(977068.89), np.float64(978140.96), np.float64(1000474.12), np.float64(986915.01), np.float64(990252.66), np.float64(1010913.77), 998861.99, np.float64(1006169.99), np.float64(1025011.58)]",https://www.pbc.gov.cn/diaochatongjisi/attachDir/2025/11/2025111816273553641.xlsx,pboc_xls_cache/2021_2025111816273553641.xlsx,OK
2021,2,2021-02-01,973409.3,Sheet1,10,2,"['                  1.住户存款 Deposits of Households', np.float64(940837.7), np.float64(973409.3), np.float64(992777.84), np.float64(977068.89), np.float64(978140.96), np.float64(1000474.12), np.float64(986915.01), np.float64(990252.66), np.float64(1010913.77), 998861.99, np.float64(1006169.99), np.float64(1025011.58)]",https://www.pbc.gov.cn/diaochatongjisi/attachDir/2025/11/2025111816273553641.xlsx,pboc_xls_cache/2021_2025111816273553641.xlsx,OK
2021,3,2021-03-01,992777.84,Sheet1,10,3,"['                  1.住户存款 Deposits of Households', np.float64(940837.7), np.float64(973409.3), np.float64(992777.84), np.float64(977068.89), np.float64(978140.96), np.float64(1000474.12), np.float64(986915.01), np.float64(990252.66), np.float64(1010913.77), 998861.99, np.float64(1006169.99), np.float64(1025011.58)]",https://www.pbc.gov.cn/diaochatongjisi/attachDir/2025/11/2025111816273553641.xlsx,pboc_xls_cache/2021_2025111816273553641.xlsx,OK
2021,4,2021-04-01,977068.89,Sheet1,10,4,"['                  1.住户存款 Deposits of Households', np.float64(940837.7), np.float64(973409.3), np.float64(992777.84), np.float64(977068.89), np.float64(978140.96), np.float64(1000474.12), np.float64(986915.01), np.float64(990252.66), np.float64(1010913.77), 998861.99, np.float64(1006169.99), np.float64(1025011.58)]",https://www.pbc.gov.cn/diaochatongjisi/attachDir/2025/11/2025111816273553641.xlsx,pboc_xls_cache/2021_2025111816273553641.xlsx,OK
2021,5,2021-05-01,978140.96,Sheet1,10,5,"['                  1.住户存款 Deposits of Households', np.float64(940837.7), np.float64(973409.3), np.float64(992777.84), np.float64(977068.89), np.float64(978140.96), np.float64(1000474.12), np.float64(986915.01), np.float64(990252.66), np.float64(1010913.77), 998861.99, np.float64(1006169.99), np.float64(1025011.58)]",https://www.pbc.gov.cn/diaochatongjisi/attachDir/2025/11/2025111816273553641.xlsx,pboc_xls_cache/2021_2025111816273553641.xlsx,OK
2021,6,2021-06-01,1000474.12,Sheet1,10,6,"['                  1.住户存款 Deposits of Households', np.float64(940837.7), np.float64(973409.3), np.float64(992777.84), np.float64(977068.89), np.float64(978140.96), np.float64(1000474.12), np.float64(986915.01), np.float64(990252.66), np.float64(1010913.77), 998861.99, np.float64(1006169.99), np.float64(1025011.58)]",https://www.pbc.gov.cn/diaochatongjisi/attachDir/2025/11/2025111816273553641.xlsx,pboc_xls_cache/2021_2025111816273553641.xlsx,OK
2021,7,2021-07-01,986915.01,Sheet1,10,7,"['                  1.住户存款 Deposits of Households', np.float64(940837.7), np.float64(973409.3), np.float64(992777.84), np.float64(977068.89), np.float64(978140.96), np.float64(1000474.12), np.float64(986915.01), np.float64(990252.66), np.float64(1010913.77), 998861.99, np.float64(1006169.99), np.float64(1025011.58)]",https://www.pbc.gov.cn/diaochatongjisi/attachDir/2025/11/2025111816273553641.xlsx,pboc_xls_cache/2021_2025111816273553641.xlsx,OK
2021,8,2021-08-01,990252.66,Sheet1,10,8,"['                  1.住户存款 Deposits of Households', np.float64(940837.7), np.float64(973409.3), np.float64(992777.84), np.float64(977068.89), np.float64(978140.96), np.float64(1000474.12), np.float64(986915.01), np.float64(990252.66), np.float64(1010913.77), 998861.99, np.float64(1006169.99), np.float64(1025011.58)]",https://www.pbc.gov.cn/diaochatongjisi/attachDir/2025/11/2025111816273553641.xlsx,pboc_xls_cache/2021_2025111816273553641.xlsx,OK
2021,9,2021-09-01,1010913.77,Sheet1,10,9,"['                  1.住户存款 Deposits of Households', np.float64(940837.7), np.float64(973409.3), np.float64(992777.84), np.float64(977068.89), np.float64(978140.96), np.float64(1000474.12), np.float64(986915.01), np.float64(990252.66), np.float64(1010913.77), 998861.99, np.float64(1006169.99), np.float64(1025011.58)]",https://www.pbc.gov.cn/diaochatongjisi/attachDir/2025/11/2025111816273553641.xlsx,pboc_xls_cache/2021_2025111816273553641.xlsx,OK
2021,10,2021-10-01,998861.99,Sheet1,10,10,"['                  1.住户存款 Deposits of Households', np.float64(940837.7), np.float64(973409.3), np.float64(992777.84), np.float64(977068.89), np.float64(978140.96), np.float64(1000474.12), np.float64(986915.01), np.float64(990252.66), np.float64(1010913.77), 998861.99, np.float64(1006169.99), np.float64(1025011.58)]",https://www.pbc.gov.cn/diaochatongjisi/attachDir/2025/11/2025111816273553641.xlsx,pboc_xls_cache/2021_2025111816273553641.xlsx,OK
2021,11,2021-11-01,1006169.99,Sheet1,10,11,"['                  1.住户存款 Deposits of Households', np.float64(940837.7), np.float64(973409.3), np.float64(992777.84), np.float64(977068.89), np.float64(978140.96), np.float64(1000474.12), np.float64(986915.01), np.float64(990252.66), np.float64(1010913.77), 998861.99, np.float64(1006169.99), np.float64(1025011.58)]",https://www.pbc.gov.cn/diaochatongjisi/attachDir/2025/11/2025111816273553641.xlsx,pboc_xls_cache/2021_2025111816273553641.xlsx,OK
2021,12,2021-12-01,1025011.58,Sheet1,10,12,"['                  1.住户存款 Deposits of Households', np.float64(940837.7), np.float64(973409.3), np.float64(992777.84), np.float64(977068.89), np.float64(978140.96), np.float64(1000474.12), np.float64(986915.01), np.float64(990252.66), np.float64(1010913.77), 998861.99, np.float64(1006169.99), np.float64(1025011.58)]",https://www.pbc.gov.cn/diaochatongjisi/attachDir/2025/11/2025111816273553641.xlsx,pboc_xls_cache/2021_2025111816273553641.xlsx,OK
2022,1,2022-01-01,1079150.1,Sheet1,11,1,"['\xa0\xa0\xa0\xa0\xa0\xa0\xa0\xa0\xa0\xa0\xa0\xa0\xa0\xa0\xa0\xa0\xa0\xa01.住户存款\xa0Deposits of Households', '1079150.10\xa0', '1076227.28\xa0', '1103202.19\xa0', '1096170.29\xa0', '1103563.72\xa0', '1128279.72\xa0', '1124900.07\xa0', '1133186.19\xa0', '1157130.12\xa0', '1152027.04\xa0', '1174574.34\xa0', '1203386.77\xa0']",https://www.pbc.gov.cn/diaochatongjisi/attachDir/2025/11/2025111816420126728.xls,pboc_xls_cache/2022_2025111816420126728.xls,OK
2022,2,2022-02-01,1076227.28,Sheet1,11,2,"['\xa0\xa0\xa0\xa0\xa0\xa0\xa0\xa0\xa0\xa0\xa0\xa0\xa0\xa0\xa0\xa0\xa0\xa01.住户存款\xa0Deposits of Households', '1079150.10\xa0', '1076227.28\xa0', '1103202.19\xa0', '1096170.29\xa0', '1103563.72\xa0', '1128279.72\xa0', '1124900.07\xa0', '1133186.19\xa0', '1157130.12\xa0', '1152027.04\xa0', '1174574.34\xa0', '1203386.77\xa0']",https://www.pbc.gov.cn/diaochatongjisi/attachDir/2025/11/2025111816420126728.xls,pboc_xls_cache/2022_2025111816420126728.xls,OK
2022,3,2022-03-01,1103202.19,Sheet1,11,3,"['\xa0\xa0\xa0\xa0\xa0\xa0\xa0\xa0\xa0\xa0\xa0\xa0\xa0\xa0\xa0\xa0\xa0\xa01.住户存款\xa0Deposits of Households', '1079150.10\xa0', '1076227.28\xa0', '1103202.19\xa0', '1096170.29\xa0', '1103563.72\xa0', '1128279.72\xa0', '1124900.07\xa0', '1133186.19\xa0', '1157130.12\xa0', '1152027.04\xa0', '1174574.34\xa0', '1203386.77\xa0']",https://www.pbc.gov.cn/diaochatongjisi/attachDir/2025/11/2025111816420126728.xls,pboc_xls_cache/2022_2025111816420126728.xls,OK
2022,4,2022-04-01,1096170.29,Sheet1,11,4,"['\xa0\xa0\xa0\xa0\xa0\xa0\xa0\xa0\xa0\xa0\xa0\xa0\xa0\xa0\xa0\xa0\xa0\xa01.住户存款\xa0Deposits of Households', '1079150.10\xa0', '1076227.28\xa0', '1103202.19\xa0', '1096170.29\xa0', '1103563.72\xa0', '1128279.72\xa0', '1124900.07\xa0', '1133186.19\xa0', '1157130.12\xa0', '1152027.04\xa0', '1174574.34\xa0', '1203386.77\xa0']",https://www.pbc.gov.cn/diaochatongjisi/attachDir/2025/11/2025111816420126728.xls,pboc_xls_cache/2022_2025111816420126728.xls,OK
2022,5,2022-05-01,1103563.72,Sheet1,11,5,"['\xa0\xa0\xa0\xa0\xa0\xa0\xa0\xa0\xa0\xa0\xa0\xa0\xa0\xa0\xa0\xa0\xa0\xa01.住户存款\xa0Deposits of Households', '1079150.10\xa0', '1076227.28\xa0', '1103202.19\xa0', '1096170.29\xa0', '1103563.72\xa0', '1128279.72\xa0', '1124900.07\xa0', '1133186.19\xa0', '1157130.12\xa0', '1152027.04\xa0', '1174574.34\xa0', '1203386.77\xa0']",https://www.pbc.gov.cn/diaochatongjisi/attachDir/2025/11/2025111816420126728.xls,pboc_xls_cache/2022_2025111816420126728.xls,OK
2022,6,2022-06-01,1128279.72,Sheet1,11,6,"['\xa0\xa0\xa0\xa0\xa0\xa0\xa0\xa0\xa0\xa0\xa0\xa0\xa0\xa0\xa0\xa0\xa0\xa01.住户存款\xa0Deposits of Households', '1079150.10\xa0', '1076227.28\xa0', '1103202.19\xa0', '1096170.29\xa0', '1103563.72\xa0', '1128279.72\xa0', '1124900.07\xa0', '1133186.19\xa0', '1157130.12\xa0', '1152027.04\xa0', '1174574.34\xa0', '1203386.77\xa0']",https://www.pbc.gov.cn/diaochatongjisi/attachDir/2025/11/2025111816420126728.xls,pboc_xls_cache/2022_2025111816420126728.xls,OK
2022,7,2022-07-01,1124900.07,Sheet1,11,7,"['\xa0\xa0\xa0\xa0\xa0\xa0\xa0\xa0\xa0\xa0\xa0\xa0\xa0\xa0\xa0\xa0\xa0\xa01.住户存款\xa0Deposits of Households', '1079150.10\xa0', '1076227.28\xa0', '1103202.19\xa0', '1096170.29\xa0', '1103563.72\xa0', '1128279.72\xa0', '1124900.07\xa0', '1133186.19\xa0', '1157130.12\xa0', '1152027.04\xa0', '1174574.34\xa0', '1203386.77\xa0']",https://www.pbc.gov.cn/diaochatongjisi/attachDir/2025/11/2025111816420126728.xls,pboc_xls_cache/2022_2025111816420126728.xls,OK
2022,8,2022-08-01,1133186.19,Sheet1,11,8,"['\xa0\xa0\xa0\xa0\xa0\xa0\xa0\xa0\xa0\xa0\xa0\xa0\xa0\xa0\xa0\xa0\xa0\xa01.住户存款\xa0Deposits of Households', '1079150.10\xa0', '1076227.28\xa0', '1103202.19\xa0', '1096170.29\xa0', '1103563.72\xa0', '1128279.72\xa0', '1124900.07\xa0', '1133186.19\xa0', '1157130.12\xa0', '1152027.04\xa0', '1174574.34\xa0', '1203386.77\xa0']",https://www.pbc.gov.cn/diaochatongjisi/attachDir/2025/11/2025111816420126728.xls,pboc_xls_cache/2022_2025111816420126728.xls,OK
2022,9,2022-09-01,1157130.12,Sheet1,11,9,"['\xa0\xa0\xa0\xa0\xa0\xa0\xa0\xa0\xa0\xa0\xa0\xa0\xa0\xa0\xa0\xa0\xa0\xa01.住户存款\xa0Deposits of Households', '1079150.10\xa0', '1076227.28\xa0', '1103202.19\xa0', '1096170.29\xa0', '1103563.72\xa0', '1128279.72\xa0', '1124900.07\xa0', '1133186.19\xa0', '1157130.12\xa0', '1152027.04\xa0', '1174574.34\xa0', '1203386.77\xa0']",https://www.pbc.gov.cn/diaochatongjisi/attachDir/2025/11/2025111816420126728.xls,pboc_xls_cache/2022_2025111816420126728.xls,OK
2022,10,2022-10-01,1152027.04,Sheet1,11,10,"['\xa0\xa0\xa0\xa0\xa0\xa0\xa0\xa0\xa0\xa0\xa0\xa0\xa0\xa0\xa0\xa0\xa0\xa01.住户存款\xa0Deposits of Households', '1079150.10\xa0', '1076227.28\xa0', '1103202.19\xa0', '1096170.29\xa0', '1103563.72\xa0', '1128279.72\xa0', '1124900.07\xa0', '1133186.19\xa0', '1157130.12\xa0', '1152027.04\xa0', '1174574.34\xa0', '1203386.77\xa0']",https://www.pbc.gov.cn/diaochatongjisi/attachDir/2025/11/2025111816420126728.xls,pboc_xls_cache/2022_2025111816420126728.xls,OK
2022,11,2022-11-01,1174574.34,Sheet1,11,11,"['\xa0\xa0\xa0\xa0\xa0\xa0\xa0\xa0\xa0\xa0\xa0\xa0\xa0\xa0\xa0\xa0\xa0\xa01.住户存款\xa0Deposits of Households', '1079150.10\xa0', '1076227.28\xa0', '1103202.19\xa0', '1096170.29\xa0', '1103563.72\xa0', '1128279.72\xa0', '1124900.07\xa0', '1133186.19\xa0', '1157130.12\xa0', '1152027.04\xa0', '1174574.34\xa0', '1203386.77\xa0']",https://www.pbc.gov.cn/diaochatongjisi/attachDir/2025/11/2025111816420126728.xls,pboc_xls_cache/2022_2025111816420126728.xls,OK
2022,12,2022-12-01,1203386.77,Sheet1,11,12,"['\xa0\xa0\xa0\xa0\xa0\xa0\xa0\xa0\xa0\xa0\xa0\xa0\xa0\xa0\xa0\xa0\xa0\xa01.住户存款\xa0Deposits of Households', '1079150.10\xa0', '1076227.28\xa0', '1103202.19\xa0', '1096170.29\xa0', '1103563.72\xa0', '1128279.72\xa0', '1124900.07\xa0', '1133186.19\xa0', '1157130.12\xa0', '1152027.04\xa0', '1174574.34\xa0', '1203386.77\xa0']",https://www.pbc.gov.cn/diaochatongjisi/attachDir/2025/11/2025111816420126728.xls,pboc_xls_cache/2022_2025111816420126728.xls,OK
2023,1,2023-01-01,1265275.07,Sheet1,10,1,"['                  1.住户存款 Deposits of Households', np.float64(1265275.07), np.float64(1273200.73), np.float64(1302280.16), np.float64(1290293.78), np.float64(1295657.8), np.float64(1322386.57), np.float64(1314293.53), np.float64(1322170.58), np.float64(1347449.22), 1341080.4, np.float64(1350169.15), np.float64(1369894.58)]",https://www.pbc.gov.cn/diaochatongjisi/attachDir/2025/11/2025111817162649674.xlsx,pboc_xls_cache/2023_2025111817162649674.xlsx,OK
2023,2,2023-02-01,1273200.73,Sheet1,10,2,"['                  1.住户存款 Deposits of Households', np.float64(1265275.07), np.float64(1273200.73), np.float64(1302280.16), np.float64(1290293.78), np.float64(1295657.8), np.float64(1322386.57), np.float64(1314293.53), np.float64(1322170.58), np.float64(1347449.22), 1341080.4, np.float64(1350169.15), np.float64(1369894.58)]",https://www.pbc.gov.cn/diaochatongjisi/attachDir/2025/11/2025111817162649674.xlsx,pboc_xls_cache/2023_2025111817162649674.xlsx,OK
2023,3,2023-03-01,1302280.16,Sheet1,10,3,"['                  1.住户存款 Deposits of Households', np.float64(1265275.07), np.float64(1273200.73), np.float64(1302280.16), np.float64(1290293.78), np.float64(1295657.8), np.float64(1322386.57), np.float64(1314293.53), np.float64(1322170.58), np.float64(1347449.22), 1341080.4, np.float64(1350169.15), np.float64(1369894.58)]",https://www.pbc.gov.cn/diaochatongjisi/attachDir/2025/11/2025111817162649674.xlsx,pboc_xls_cache/2023_2025111817162649674.xlsx,OK
2023,4,2023-04-01,1290293.78,Sheet1,10,4,"['                  1.住户存款 Deposits of Households', np.float64(1265275.07), np.float64(1273200.73), np.float64(1302280.16), np.float64(1290293.78), np.float64(1295657.8), np.float64(1322386.57), np.float64(1314293.53), np.float64(1322170.58), np.float64(1347449.22), 1341080.4, np.float64(1350169.15), np.float64(1369894.58)]",https://www.pbc.gov.cn/diaochatongjisi/attachDir/2025/11/2025111817162649674.xlsx,pboc_xls_cache/2023_2025111817162649674.xlsx,OK
2023,5,2023-05-01,1295657.8,Sheet1,10,5,"['                  1.住户存款 Deposits of Households', np.float64(1265275.07), np.float64(1273200.73), np.float64(1302280.16), np.float64(1290293.78), np.float64(1295657.8), np.float64(1322386.57), np.float64(1314293.53), np.float64(1322170.58), np.float64(1347449.22), 1341080.4, np.float64(1350169.15), np.float64(1369894.58)]",https://www.pbc.gov.cn/diaochatongjisi/attachDir/2025/11/2025111817162649674.xlsx,pboc_xls_cache/2023_2025111817162649674.xlsx,OK
2023,6,2023-06-01,1322386.57,Sheet1,10,6,"['                  1.住户存款 Deposits of Households', np.float64(1265275.07), np.float64(1273200.73), np.float64(1302280.16), np.float64(1290293.78), np.float64(1295657.8), np.float64(1322386.57), np.float64(1314293.53), np.float64(1322170.58), np.float64(1347449.22), 1341080.4, np.float64(1350169.15), np.float64(1369894.58)]",https://www.pbc.gov.cn/diaochatongjisi/attachDir/2025/11/2025111817162649674.xlsx,pboc_xls_cache/2023_2025111817162649674.xlsx,OK
2023,7,2023-07-01,1314293.53,Sheet1,10,7,"['                  1.住户存款 Deposits of Households', np.float64(1265275.07), np.float64(1273200.73), np.float64(1302280.16), np.float64(1290293.78), np.float64(1295657.8), np.float64(1322386.57), np.float64(1314293.53), np.float64(1322170.58), np.float64(1347449.22), 1341080.4, np.float64(1350169.15), np.float64(1369894.58)]",https://www.pbc.gov.cn/diaochatongjisi/attachDir/2025/11/2025111817162649674.xlsx,pboc_xls_cache/2023_2025111817162649674.xlsx,OK
2023,8,2023-08-01,1322170.58,Sheet1,10,8,"['                  1.住户存款 Deposits of Households', np.float64(1265275.07), np.float64(1273200.73), np.float64(1302280.16), np.float64(1290293.78), np.float64(1295657.8), np.float64(1322386.57), np.float64(1314293.53), np.float64(1322170.58), np.float64(1347449.22), 1341080.4, np.float64(1350169.15), np.float64(1369894.58)]",https://www.pbc.gov.cn/diaochatongjisi/attachDir/2025/11/2025111817162649674.xlsx,pboc_xls_cache/2023_2025111817162649674.xlsx,OK
2023,9,2023-09-01,1347449.22,Sheet1,10,9,"['                  1.住户存款 Deposits of Households', np.float64(1265275.07), np.float64(1273200.73), np.float64(1302280.16), np.float64(1290293.78), np.float64(1295657.8), np.float64(1322386.57), np.float64(1314293.53), np.float64(1322170.58), np.float64(1347449.22), 1341080.4, np.float64(1350169.15), np.float64(1369894.58)]",https://www.pbc.gov.cn/diaochatongjisi/attachDir/2025/11/2025111817162649674.xlsx,pboc_xls_cache/2023_2025111817162649674.xlsx,OK
2023,10,2023-10-01,1341080.4,Sheet1,10,10,"['                  1.住户存款 Deposits of Households', np.float64(1265275.07), np.float64(1273200.73), np.float64(1302280.16), np.float64(1290293.78), np.float64(1295657.8), np.float64(1322386.57), np.float64(1314293.53), np.float64(1322170.58), np.float64(1347449.22), 1341080.4, np.float64(1350169.15), np.float64(1369894.58)]",https://www.pbc.gov.cn/diaochatongjisi/attachDir/2025/11/2025111817162649674.xlsx,pboc_xls_cache/2023_2025111817162649674.xlsx,OK
2023,11,2023-11-01,1350169.15,Sheet1,10,11,"['                  1.住户存款 Deposits of Households', np.float64(1265275.07), np.float64(1273200.73), np.float64(1302280.16), np.float64(1290293.78), np.float64(1295657.8), np.float64(1322386.57), np.float64(1314293.53), np.float64(1322170.58), np.float64(1347449.22), 1341080.4, np.float64(1350169.15), np.float64(1369894.58)]",https://www.pbc.gov.cn/diaochatongjisi/attachDir/2025/11/2025111817162649674.xlsx,pboc_xls_cache/2023_2025111817162649674.xlsx,OK
2023,12,2023-12-01,1369894.58,Sheet1,10,12,"['                  1.住户存款 Deposits of Households', np.float64(1265275.07), np.float64(1273200.73), np.float64(1302280.16), np.float64(1290293.78), np.float64(1295657.8), np.float64(1322386.57), np.float64(1314293.53), np.float64(1322170.58), np.float64(1347449.22), 1341080.4, np.float64(1350169.15), np.float64(1369894.58)]",https://www.pbc.gov.cn/diaochatongjisi/attachDir/2025/11/2025111817162649674.xlsx,pboc_xls_cache/2023_2025111817162649674.xlsx,OK
2024,1,2024-01-01,1395218.75,Sheet1,10,1,"['                  1.住户存款 Deposits of Households', np.float64(1395218.75), np.float64(1427229.47), np.float64(1455456.16), np.float64(1437036.59), np.float64(1441205.29), np.float64(1462619.53), np.float64(1459300.16), np.float64(1466414.13), np.float64(1488435.63), 1482729.23, np.float64(1490578.97), np.float64(1512509.36)]",https://www.pbc.gov.cn/diaochatongjisi/attachDir/2025/11/2025111817274124837.xlsx,pboc_xls_cache/2024_2025111817274124837.xlsx,OK
2024,2,2024-02-01,1427229.47,Sheet1,10,2,"['                  1.住户存款 Deposits of Households', np.float64(1395218.75), np.float64(1427229.47), np.float64(1455456.16), np.float64(1437036.59), np.float64(1441205.29), np.float64(1462619.53), np.float64(1459300.16), np.float64(1466414.13), np.float64(1488435.63), 1482729.23, np.float64(1490578.97), np.float64(1512509.36)]",https://www.pbc.gov.cn/diaochatongjisi/attachDir/2025/11/2025111817274124837.xlsx,pboc_xls_cache/2024_2025111817274124837.xlsx,OK
2024,3,2024-03-01,1455456.16,Sheet1,10,3,"['                  1.住户存款 Deposits of Households', np.float64(1395218.75), np.float64(1427229.47), np.float64(1455456.16), np.float64(1437036.59), np.float64(1441205.29), np.float64(1462619.53), np.float64(1459300.16), np.float64(1466414.13), np.float64(1488435.63), 1482729.23, np.float64(1490578.97), np.float64(1512509.36)]",https://www.pbc.gov.cn/diaochatongjisi/attachDir/2025/11/2025111817274124837.xlsx,pboc_xls_cache/2024_2025111817274124837.xlsx,OK
2024,4,2024-04-01,1437036.59,Sheet1,10,4,"['                  1.住户存款 Deposits of Households', np.float64(1395218.75), np.float64(1427229.47), np.float64(1455456.16), np.float64(1437036.59), np.float64(1441205.29), np.float64(1462619.53), np.float64(1459300.16), np.float64(1466414.13), np.float64(1488435.63), 1482729.23, np.float64(1490578.97), np.float64(1512509.36)]",https://www.pbc.gov.cn/diaochatongjisi/attachDir/2025/11/2025111817274124837.xlsx,pboc_xls_cache/2024_2025111817274124837.xlsx,OK
2024,5,2024-05-01,1441205.29,Sheet1,10,5,"['                  1.住户存款 Deposits of Households', np.float64(1395218.75), np.float64(1427229.47), np.float64(1455456.16), np.float64(1437036.59), np.float64(1441205.29), np.float64(1462619.53), np.float64(1459300.16), np.float64(1466414.13), np.float64(1488435.63), 1482729.23, np.float64(1490578.97), np.float64(1512509.36)]",https://www.pbc.gov.cn/diaochatongjisi/attachDir/2025/11/2025111817274124837.xlsx,pboc_xls_cache/2024_2025111817274124837.xlsx,OK
2024,6,2024-06-01,1462619.53,Sheet1,10,6,"['                  1.住户存款 Deposits of Households', np.float64(1395218.75), np.float64(1427229.47), np.float64(1455456.16), np.float64(1437036.59), np.float64(1441205.29), np.float64(1462619.53), np.float64(1459300.16), np.float64(1466414.13), np.float64(1488435.63), 1482729.23, np.float64(1490578.97), np.float64(1512509.36)]",https://www.pbc.gov.cn/diaochatongjisi/attachDir/2025/11/2025111817274124837.xlsx,pboc_xls_cache/2024_2025111817274124837.xlsx,OK
2024,7,2024-07-01,1459300.16,Sheet1,10,7,"['                  1.住户存款 Deposits of Households', np.float64(1395218.75), np.float64(1427229.47), np.float64(1455456.16), np.float64(1437036.59), np.float64(1441205.29), np.float64(1462619.53), np.float64(1459300.16), np.float64(1466414.13), np.float64(1488435.63), 1482729.23, np.float64(1490578.97), np.float64(1512509.36)]",https://www.pbc.gov.cn/diaochatongjisi/attachDir/2025/11/2025111817274124837.xlsx,pboc_xls_cache/2024_2025111817274124837.xlsx,OK
2024,8,2024-08-01,1466414.13,Sheet1,10,8,"['                  1.住户存款 Deposits of Households', np.float64(1395218.75), np.float64(1427229.47), np.float64(1455456.16), np.float64(1437036.59), np.float64(1441205.29), np.float64(1462619.53), np.float64(1459300.16), np.float64(1466414.13), np.float64(1488435.63), 1482729.23, np.float64(1490578.97), np.float64(1512509.36)]",https://www.pbc.gov.cn/diaochatongjisi/attachDir/2025/11/2025111817274124837.xlsx,pboc_xls_cache/2024_2025111817274124837.xlsx,OK
2024,9,2024-09-01,1488435.63,Sheet1,10,9,"['                  1.住户存款 Deposits of Households', np.float64(1395218.75), np.float64(1427229.47), np.float64(1455456.16), np.float64(1437036.59), np.float64(1441205.29), np.float64(1462619.53), np.float64(1459300.16), np.float64(1466414.13), np.float64(1488435.63), 1482729.23, np.float64(1490578.97), np.float64(1512509.36)]",https://www.pbc.gov.cn/diaochatongjisi/attachDir/2025/11/2025111817274124837.xlsx,pboc_xls_cache/2024_2025111817274124837.xlsx,OK
2024,10,2024-10-01,1482729.23,Sheet1,10,10,"['                  1.住户存款 Deposits of Households', np.float64(1395218.75), np.float64(1427229.47), np.float64(1455456.16), np.float64(1437036.59), np.float64(1441205.29), np.float64(1462619.53), np.float64(1459300.16), np.float64(1466414.13), np.float64(1488435.63), 1482729.23, np.float64(1490578.97), np.float64(1512509.36)]",https://www.pbc.gov.cn/diaochatongjisi/attachDir/2025/11/2025111817274124837.xlsx,pboc_xls_cache/2024_2025111817274124837.xlsx,OK
2024,11,2024-11-01,1490578.97,Sheet1,10,11,"['                  1.住户存款 Deposits of Households', np.float64(1395218.75), np.float64(1427229.47), np.float64(1455456.16), np.float64(1437036.59), np.float64(1441205.29), np.float64(1462619.53), np.float64(1459300.16), np.float64(1466414.13), np.float64(1488435.63), 1482729.23, np.float64(1490578.97), np.float64(1512509.36)]",https://www.pbc.gov.cn/diaochatongjisi/attachDir/2025/11/2025111817274124837.xlsx,pboc_xls_cache/2024_2025111817274124837.xlsx,OK
2024,12,2024-12-01,1512509.36,Sheet1,10,12,"['                  1.住户存款 Deposits of Households', np.float64(1395218.75), np.float64(1427229.47), np.float64(1455456.16), np.float64(1437036.59), np.float64(1441205.29), np.float64(1462619.53), np.float64(1459300.16), np.float64(1466414.13), np.float64(1488435.63), 1482729.23, np.float64(1490578.97), np.float64(1512509.36)]",https://www.pbc.gov.cn/diaochatongjisi/attachDir/2025/11/2025111817274124837.xlsx,pboc_xls_cache/2024_2025111817274124837.xlsx,OK
2025,1,2025-01-01,1567675.44,Sheet1,10,1,"['\xa0\xa0\xa0\xa0\xa0\xa0\xa0\xa0\xa0\xa0\xa0\xa0\xa0\xa0\xa0\xa0\xa0\xa01.住户存款\xa0Deposits of Households', np.float64(1567675.44), np.float64(1573761.53), np.float64(1604706.8), np.float64(1590795.67), np.float64(1595494.14), np.float64(1620254.78), np.float64(1609117.49), np.float64(1610211.68), np.float64(1639847.95), 1626359.04, np.float64(1633084.44), np.float64(1658934.64)]",https://www.pbc.gov.cn/diaochatongjisi/attachDir/2026/01/2026011517314370061.xlsx,pboc_xls_cache/2025_2026011517314370061.xlsx,OK
2025,2,2025-02-01,1573761.53,Sheet1,10,2,"['\xa0\xa0\xa0\xa0\xa0\xa0\xa0\xa0\xa0\xa0\xa0\xa0\xa0\xa0\xa0\xa0\xa0\xa01.住户存款\xa0Deposits of Households', np.float64(1567675.44), np.float64(1573761.53), np.float64(1604706.8), np.float64(1590795.67), np.float64(1595494.14), np.float64(1620254.78), np.float64(1609117.49), np.float64(1610211.68), np.float64(1639847.95), 1626359.04, np.float64(1633084.44), np.float64(1658934.64)]",https://www.pbc.gov.cn/diaochatongjisi/attachDir/2026/01/2026011517314370061.xlsx,pboc_xls_cache/2025_2026011517314370061.xlsx,OK
2025,3,2025-03-01,1604706.8,Sheet1,10,3,"['\xa0\xa0\xa0\xa0\xa0\xa0\xa0\xa0\xa0\xa0\xa0\xa0\xa0\xa0\xa0\xa0\xa0\xa01.住户存款\xa0Deposits of Households', np.float64(1567675.44), np.float64(1573761.53), np.float64(1604706.8), np.float64(1590795.67), np.float64(1595494.14), np.float64(1620254.78), np.float64(1609117.49), np.float64(1610211.68), np.float64(1639847.95), 1626359.04, np.float64(1633084.44), np.float64(1658934.64)]",https://www.pbc.gov.cn/diaochatongjisi/attachDir/2026/01/2026011517314370061.xlsx,pboc_xls_cache/2025_2026011517314370061.xlsx,OK
2025,4,2025-04-01,1590795.67,Sheet1,10,4,"['\xa0\xa0\xa0\xa0\xa0\xa0\xa0\xa0\xa0\xa0\xa0\xa0\xa0\xa0\xa0\xa0\xa0\xa01.住户存款\xa0Deposits of Households', np.float64(1567675.44), np.float64(1573761.53), np.float64(1604706.8), np.float64(1590795.67), np.float64(1595494.14), np.float64(1620254.78), np.float64(1609117.49), np.float64(1610211.68), np.float64(1639847.95), 1626359.04, np.float64(1633084.44), np.float64(1658934.64)]",https://www.pbc.gov.cn/diaochatongjisi/attachDir/2026/01/2026011517314370061.xlsx,pboc_xls_cache/2025_2026011517314370061.xlsx,OK
2025,5,2025-05-01,1595494.14,Sheet1,10,5,"['\xa0\xa0\xa0\xa0\xa0\xa0\xa0\xa0\xa0\xa0\xa0\xa0\xa0\xa0\xa0\xa0\xa0\xa01.住户存款\xa0Deposits of Households', np.float64(1567675.44), np.float64(1573761.53), np.float64(1604706.8), np.float64(1590795.67), np.float64(1595494.14), np.float64(1620254.78), np.float64(1609117.49), np.float64(1610211.68), np.float64(1639847.95), 1626359.04, np.float64(1633084.44), np.float64(1658934.64)]",https://www.pbc.gov.cn/diaochatongjisi/attachDir/2026/01/2026011517314370061.xlsx,pboc_xls_cache/2025_2026011517314370061.xlsx,OK
2025,6,2025-06-01,1620254.78,Sheet1,10,6,"['\xa0\xa0\xa0\xa0\xa0\xa0\xa0\xa0\xa0\xa0\xa0\xa0\xa0\xa0\xa0\xa0\xa0\xa01.住户存款\xa0Deposits of Households', np.float64(1567675.44), np.float64(1573761.53), np.float64(1604706.8), np.float64(1590795.67), np.float64(1595494.14), np.float64(1620254.78), np.float64(1609117.49), np.float64(1610211.68), np.float64(1639847.95), 1626359.04, np.float64(1633084.44), np.float64(1658934.64)]",https://www.pbc.gov.cn/diaochatongjisi/attachDir/2026/01/2026011517314370061.xlsx,pboc_xls_cache/2025_2026011517314370061.xlsx,OK
2025,7,2025-07-01,1609117.49,Sheet1,10,7,"['\xa0\xa0\xa0\xa0\xa0\xa0\xa0\xa0\xa0\xa0\xa0\xa0\xa0\xa0\xa0\xa0\xa0\xa01.住户存款\xa0Deposits of Households', np.float64(1567675.44), np.float64(1573761.53), np.float64(1604706.8), np.float64(1590795.67), np.float64(1595494.14), np.float64(1620254.78), np.float64(1609117.49), np.float64(1610211.68), np.float64(1639847.95), 1626359.04, np.float64(1633084.44), np.float64(1658934.64)]",https://www.pbc.gov.cn/diaochatongjisi/attachDir/2026/01/2026011517314370061.xlsx,pboc_xls_cache/2025_2026011517314370061.xlsx,OK
2025,8,2025-08-01,1610211.68,Sheet1,10,8,"['\xa0\xa0\xa0\xa0\xa0\xa0\xa0\xa0\xa0\xa0\xa0\xa0\xa0\xa0\xa0\xa0\xa0\xa01.住户存款\xa0Deposits of Households', np.float64(1567675.44), np.float64(1573761.53), np.float64(1604706.8), np.float64(1590795.67), np.float64(1595494.14), np.float64(1620254.78), np.float64(1609117.49), np.float64(1610211.68), np.float64(1639847.95), 1626359.04, np.float64(1633084.44), np.float64(1658934.64)]",https://www.pbc.gov.cn/diaochatongjisi/attachDir/2026/01/2026011517314370061.xlsx,pboc_xls_cache/2025_2026011517314370061.xlsx,OK
2025,9,2025-09-01,1639847.95,Sheet1,10,9,"['\xa0\xa0\xa0\xa0\xa0\xa0\xa0\xa0\xa0\xa0\xa0\xa0\xa0\xa0\xa0\xa0\xa0\xa01.住户存款\xa0Deposits of Households', np.float64(1567675.44), np.float64(1573761.53), np.float64(1604706.8), np.float64(1590795.67), np.float64(1595494.14), np.float64(1620254.78), np.float64(1609117.49), np.float64(1610211.68), np.float64(1639847.95), 1626359.04, np.float64(1633084.44), np.float64(1658934.64)]",https://www.pbc.gov.cn/diaochatongjisi/attachDir/2026/01/2026011517314370061.xlsx,pboc_xls_cache/2025_2026011517314370061.xlsx,OK
2025,10,2025-10-01,1626359.04,Sheet1,10,10,"['\xa0\xa0\xa0\xa0\xa0\xa0\xa0\xa0\xa0\xa0\xa0\xa0\xa0\xa0\xa0\xa0\xa0\xa01.住户存款\xa0Deposits of Households', np.float64(1567675.44), np.float64(1573761.53), np.float64(1604706.8), np.float64(1590795.67), np.float64(1595494.14), np.float64(1620254.78), np.float64(1609117.49), np.float64(1610211.68), np.float64(1639847.95), 1626359.04, np.float64(1633084.44), np.float64(1658934.64)]",https://www.pbc.gov.cn/diaochatongjisi/attachDir/2026/01/2026011517314370061.xlsx,pboc_xls_cache/2025_2026011517314370061.xlsx,OK
2025,11,2025-11-01,1633084.44,Sheet1,10,11,"['\xa0\xa0\xa0\xa0\xa0\xa0\xa0\xa0\xa0\xa0\xa0\xa0\xa0\xa0\xa0\xa0\xa0\xa01.住户存款\xa0Deposits of Households', np.float64(1567675.44), np.float64(1573761.53), np.float64(1604706.8), np.float64(1590795.67), np.float64(1595494.14), np.float64(1620254.78), np.float64(1609117.49), np.float64(1610211.68), np.float64(1639847.95), 1626359.04, np.float64(1633084.44), np.float64(1658934.64)]",https://www.pbc.gov.cn/diaochatongjisi/attachDir/2026/01/2026011517314370061.xlsx,pboc_xls_cache/2025_2026011517314370061.xlsx,OK
2025,12,2025-12-01,1658934.64,Sheet1,10,12,"['\xa0\xa0\xa0\xa0\xa0\xa0\xa0\xa0\xa0\xa0\xa0\xa0\xa0\xa0\xa0\xa0\xa0\xa01.住户存款\xa0Deposits of Households', np.float64(1567675.44), np.float64(1573761.53), np.float64(1604706.8), np.float64(1590795.67), np.float64(1595494.14), np.float64(1620254.78), np.float64(1609117.49), np.float64(1610211.68), np.float64(1639847.95), 1626359.04, np.float64(1633084.44), np.float64(1658934.64)]",https://www.pbc.gov.cn/diaochatongjisi/attachDir/2026/01/2026011517314370061.xlsx,pboc_xls_cache/2025_2026011517314370061.xlsx,OK
2026,1,2026-01-01,1680390.91,Sheet1,10,1,"['\xa0\xa0\xa0\xa0\xa0\xa0\xa0\xa0\xa0\xa0\xa0\xa0\xa0\xa0\xa0\xa0\xa0\xa01.住户存款\xa0Deposits of Households', np.float64(1680390.91), np.float64(1711519.0), np.float64(1735889.52), np.float64(1716494.73), np.float64(1715398.99), np.float64(1734840.05), np.float64(nan), np.float64(nan), np.float64(nan), nan, np.float64(nan), np.float64(nan)]",https://www.pbc.gov.cn/diaochatongjisi/attachDir/2026/07/2026071516521532997.xlsx,pboc_xls_cache/2026_2026071516521532997.xlsx,OK
2026,2,2026-02-01,1711519.0,Sheet1,10,2,"['\xa0\xa0\xa0\xa0\xa0\xa0\xa0\xa0\xa0\xa0\xa0\xa0\xa0\xa0\xa0\xa0\xa0\xa01.住户存款\xa0Deposits of Households', np.float64(1680390.91), np.float64(1711519.0), np.float64(1735889.52), np.float64(1716494.73), np.float64(1715398.99), np.float64(1734840.05), np.float64(nan), np.float64(nan), np.float64(nan), nan, np.float64(nan), np.float64(nan)]",https://www.pbc.gov.cn/diaochatongjisi/attachDir/2026/07/2026071516521532997.xlsx,pboc_xls_cache/2026_2026071516521532997.xlsx,OK
2026,3,2026-03-01,1735889.52,Sheet1,10,3,"['\xa0\xa0\xa0\xa0\xa0\xa0\xa0\xa0\xa0\xa0\xa0\xa0\xa0\xa0\xa0\xa0\xa0\xa01.住户存款\xa0Deposits of Households', np.float64(1680390.91), np.float64(1711519.0), np.float64(1735889.52), np.float64(1716494.73), np.float64(1715398.99), np.float64(1734840.05), np.float64(nan), np.float64(nan), np.float64(nan), nan, np.float64(nan), np.float64(nan)]",https://www.pbc.gov.cn/diaochatongjisi/attachDir/2026/07/2026071516521532997.xlsx,pboc_xls_cache/2026_2026071516521532997.xlsx,OK
2026,4,2026-04-01,1716494.73,Sheet1,10,4,"['\xa0\xa0\xa0\xa0\xa0\xa0\xa0\xa0\xa0\xa0\xa0\xa0\xa0\xa0\xa0\xa0\xa0\xa01.住户存款\xa0Deposits of Households', np.float64(1680390.91), np.float64(1711519.0), np.float64(1735889.52), np.float64(1716494.73), np.float64(1715398.99), np.float64(1734840.05), np.float64(nan), np.float64(nan), np.float64(nan), nan, np.float64(nan), np.float64(nan)]",https://www.pbc.gov.cn/diaochatongjisi/attachDir/2026/07/2026071516521532997.xlsx,pboc_xls_cache/2026_2026071516521532997.xlsx,OK
2026,5,2026-05-01,1715398.99,Sheet1,10,5,"['\xa0\xa0\xa0\xa0\xa0\xa0\xa0\xa0\xa0\xa0\xa0\xa0\xa0\xa0\xa0\xa0\xa0\xa01.住户存款\xa0Deposits of Households', np.float64(1680390.91), np.float64(1711519.0), np.float64(1735889.52), np.float64(1716494.73), np.float64(1715398.99), np.float64(1734840.05), np.float64(nan), np.float64(nan), np.float64(nan), nan, np.float64(nan), np.float64(nan)]",https://www.pbc.gov.cn/diaochatongjisi/attachDir/2026/07/2026071516521532997.xlsx,pboc_xls_cache/2026_2026071516521532997.xlsx,OK
2026,6,2026-06-01,1734840.05,Sheet1,10,6,"['\xa0\xa0\xa0\xa0\xa0\xa0\xa0\xa0\xa0\xa0\xa0\xa0\xa0\xa0\xa0\xa0\xa0\xa01.住户存款\xa0Deposits of Households', np.float64(1680390.91), np.float64(1711519.0), np.float64(1735889.52), np.float64(1716494.73), np.float64(1715398.99), np.float64(1734840.05), np.float64(nan), np.float64(nan), np.float64(nan), nan, np.float64(nan), np.float64(nan)]",https://www.pbc.gov.cn/diaochatongjisi/attachDir/2026/07/2026071516521532997.xlsx,pboc_xls_cache/2026_2026071516521532997.xlsx,OK
